Image,Name,Index
1.jpg,XiJingping,1
2.jpg,XiJingping,1
3.jpg,XiJingping,1
4.jpg,XiJingping,1
5.jpg,XiJingping,1
6.jpg,XiJingping,1
7.jpg,XiJingping,1
8.jpg,XiJingping,1
9.jpg,XiJingping,1
10.jpg,XiJingping,1
11.jpg,TeLangpu,2
12.jpg,TeLangpu,2
13.jpg,TeLangpu,2
14.jpg,TeLangpu,2
15.jpg,TeLangpu,2
16.jpg,TeLangpu,2
17.jpg,TeLangpu,2
18.jpg,TeLangpu,2
19.jpg,TeLangpu,2
20.jpg,TeLangpu,2
21.jpg,PuJing,3
22.jpg,PuJing,3
23.jpg,PuJing,3
24.jpg,PuJing,3
25.jpg,PuJing,3
26.jpg,PuJing,3
27.jpg,PuJing,3
28.jpg,PuJing,3
29.jpg,PuJing,3
30.jpg,PuJing,3
31.jpg,AoLangde,4
32.jpg,AoLangde,4
33.jpg,AoLangde,4
34.jpg,AoLangde,4
35.jpg,AoLangde,4
36.jpg,AoLangde,4
37.jpg,AoLangde,4
38.jpg,AoLangde,4
39.jpg,AoLangde,4
40.jpg,AoLangde,4
41.jpg,TeLisha,5
42.jpg,TeLisha,5
43.jpg,TeLisha,5
44.jpg,TeLisha,5
45.jpg,TeLisha,5
46.jpg,TeLisha,5
47.jpg,TeLisha,5
48.jpg,TeLisha,5
49.jpg,TeLisha,5
50.jpg,TeLisha,5
